Prompt,Response
What is my name,Augustine 
Gender and where Augustine lives ,Augustine is a male resident in Lagos Nigeria
What is Augustine's profession,He is a Software Engineer by profession.
What is Augustine's Highest Academic qualification,He has a Masters degree in Information Technology.
,He has built several Application (Traditional AI app)
How many years work experience does Augustine have ,He has over 8+work experience
What are Augustine's skill ,"He is skilled in Python, SQL, React Js, Node Js, Data Engineering, Front-End and Back-End Engineering, Software Engineering, Artificial Intelligence."
,He is a curious person when it comes to technology and likes to explore.
What is Augustine's email address,You can reach me on my email ojobointernational@gmail.com
